Last Name,First Name,Rank,adloc,Location,Link to Google Scholar Profile,Citations (All),h-index (All),i10-index (All),Citations (Since 2021),h-index (Since 2021),i10-index (Since 2021),Last Updated
Aburto,Felipe,Associate Professor,Tenure-Track,College Station,https://scholar.google.com/citations?hl=en&user=zxokCVwAAAAJ&view_op=list_works&sortby=pubdate,1580,17,30,1476,17,27,2026-09-27 18:03:14
Baath,Gurjinder,Assistant Professor,Research,Temple,https://scholar.google.com/citations?user=Q-givk4AAAAJ&hl=en,834,16,21,752,16,21,2026-09-27 18:03:25
Bagavathiannan,Muthu,Professor,Tenure-Track,College Station,https://scholar.google.com/citations?user=qUomLPAAAAAJ&hl=en&oi=sra,8479,49,127,6399,42,116,2026-09-27 18:03:37
Baltensperger,David,Professor,Tenure-Track,College Station,https://scholar.google.com/citations?user=zGMb2OcAAAAJ&hl=en&oi=ao,6585,38,99,2163,21,36,2026-09-27 18:03:48
Bednarz,Craig,Professor,Research,Lubbock,https://scholar.google.com/citations?hl=en&user=n4TqYW4AAAAJ&view_op=list_works&sortby=pubdate,4908,32,58,1515,20,32,2026-09-27 18:03:59
Bell,Jourdan,Associate Professor,Extension,Canyon,https://scholar.google.com/citations?user=7cDhJxoAAAAJ,892,18,22,570,15,20,2026-09-27 18:04:12
Bhandari,Mahendra,Assistant Professor,Research,Corpus Christi,https://scholar.google.com/citations?hl=en&user=pAk1jSAAAAAJ&view_op=list_works&sortby=pubdate,1522,15,20,1487,15,17,2026-09-27 18:04:19
Boeri,Pablo Agustin,Assistant Professor,Extension,Dallas,https://scholar.google.com/citations?hl=en&user=TmeTV7IAAAAJ,77,6,4,76,6,4,2026-09-27 18:04:30
Brady,Jeff,Assistant Professor,Research,Stephenville,https://scholar.google.com/citations?user=wCX7WSMAAAAJ&hl=en,2013,16,29,874,12,16,2026-09-27 18:04:37
Brandani,Carolina,Assistant Professor,Research,Canyon,https://scholar.google.com/citations?hl=en&user=vz9tFy4AAAAJ,982,16,23,719,14,21,2026-09-27 18:04:51
Burke,Joseph,Assistant Professor,Research,Lubbock,https://scholar.google.com/citations?user=b41dGVUAAAAJ&hl=en,412,6,6,384,6,6,2026-09-27 18:05:01
Burow,Mark,Professor,Research,Lubbock,https://scholar.google.com/citations?user=0auA760AAAAJ&hl=en&oi=ao,6621,40,76,1942,22,38,2026-09-27 18:05:08
Carson,Katherine,Instructional Assistant Professor,APT,College Station,https://scholar.google.com/citations?hl=en&user=aS7n-uIAAAAJ,202,7,6,68,4,4,2026-09-27 18:05:16
Cason,John,Associate Professor,Research,Stephenville,https://scholar.google.com/citations?hl=en&user=uvhrXE4AAAAJ,552,13,14,396,9,7,2026-09-27 18:05:31
Chandra,Ambika,Professor,Research,Dallas,https://scholar.google.com/citations?user=HLJlITsAAAAJ&hl=en&oi=ao,1442,20,51,801,15,29,2026-09-27 18:05:46
Chang,Baoxin (Bob),Assistant Professor,Tenure-Track,College Station,https://scholar.google.com/citations?user=pBjLQFUAAAAJ&hl=en,114,6,5,111,6,5,2026-09-27 18:05:58
Chavarria,Manuel,Assistant Professor,Extension,College Station,https://scholar.google.com/citations?hl=&user=VIhfMWYAAAAJ,124,5,3,91,5,3,2026-09-27 18:06:09
Cobos,Christopher,Assistant Professor,Research,Vernon,https://scholar.google.com/citations?user=lsCjJTgAAAAJ&hl=en,360,7,7,269,7,7,2026-09-27 18:06:22
Corriher-Olson,Vanessa A.,Professor,Extension,Overton,https://scholar.google.com/citations?user=_KY1q1AAAAAJ&hl=en&oi=ao,133,6,5,44,4,2,2026-09-27 18:06:37
da Silva,Jorge,Professor,Research,Weslaco,https://scholar.google.com/citations?user=Glce_CEAAAAJ&hl=en&oi=ao,5717,34,87,1886,22,48,2026-09-27 18:06:48
Deng,Youjun,Professor,Tenure-Track,College Station,https://scholar.google.com/citations?user=mpd4yWsAAAAJ&hl=en&oi=sra,3708,35,57,1522,23,47,2026-09-27 18:06:56
Dong,Xuejun,Associate Professor,Research,Uvalde,https://scholar.google.com/citations?user=jd3wW3gAAAAJ&hl=en&oi=ao,3161,29,47,1452,21,32,2026-09-27 18:07:09
Dong,Qianqian,Assistant Professor,Tenure-Track,College Station,https://scholar.google.com/citations?user=jd3wW3gAAAAJ&hl=en&oi=ao,3161,29,47,1452,21,32,2026-09-27 18:07:15
Dotray,Peter,Professor,Extension,Lubbock,https://scholar.google.com/citations?user=bqYZ2mYAAAAJ&hl=en&oi=ao,1943,23,68,712,14,24,2026-09-27 18:07:25
Dou,Fugen,Professor,Research,Beaumont,https://scholar.google.com/citations?user=EPtQbdUAAAAJ&hl=en&oi=ao,2905,29,40,1904,23,36,2026-09-27 18:07:33
Fernandez,Alma,Research Scientist,Research,College Station,https://scholar.google.com/citations?hl=en&user=4oVa-uQAAAAJ,1681,18,23,440,12,13,2026-09-27 18:07:47
Foster,Jamie,Professor,Research,Beeville,https://scholar.google.com/citations?user=nd2WEc0AAAAJ&hl=en&oi=ao,2664,23,42,1970,19,31,2026-09-27 18:07:58
Ganjegunte,Girisha,Professor,Research,El Paso,https://scholar.google.com/citations?user=NksdIW0AAAAJ&hl=en&oi=ao,2965,32,60,1344,21,41,2026-09-27 18:08:05
Gentimis,Thanos,Assistant Professor,Tenure-Track,College Station,https://scholar.google.com/citations?user=Lbz_9NUAAAAJ&hl=en,868,12,13,647,12,12,2026-09-27 18:08:11
Gentry,Terry,Professor,Tenure-Track,College Station,https://scholar.google.com/citations?user=rjPbFYgAAAAJ&hl=en&oi=ao,9185,46,108,3085,30,79,2026-09-27 18:08:21
Gerrish,Brandon,Assistant Professor,Extension,College Station,https://scholar.google.com/citations?user=j2JncDAAAAAJ&hl=en,41,3,2,38,3,2,2026-09-27 18:08:30
Gregory,Lucas,Assistant Professor,Research,College Station,https://scholar.google.com/citations?user=SEqUzPQAAAAJ&hl=en,301,10,11,162,7,6,2026-09-27 18:08:41
Guo,Wenxuan,Associate Professor,Research,Lubbock,https://scholar.google.com/citations?hl=en&user=ai_6D40AAAAJ,1274,18,26,1042,15,23,2026-09-27 18:08:53
Hays,Dirk,Professor,Tenure-Track,College Station,https://scholar.google.com/citations?user=XyHzOmgAAAAJ&hl=en,3507,32,60,1586,21,44,2026-09-27 18:09:02
Heflin,Kevin,Assistant Professor,Extension,Canyon,https://scholar.google.com/citations?user=d1tT_fEAAAAJ&hl=en,675,15,17,385,10,10,2026-09-27 18:09:15
Herrman,Tim,Professor,Research,College Station,https://scholar.google.com/citations?user=N0dZKhYAAAAJ&hl=en&oi=sra,3751,32,78,1506,17,35,2026-09-27 18:09:23
Howe,Julie,Professor,Tenure-Track,College Station,https://scholar.google.com/citations?hl=en&user=ypPs4YAAAAAJ,2602,26,43,1666,19,34,2026-09-27 18:09:35
Hussey,Mark,Professor,Tenure-Track,College Station,https://scholar.google.com/citations?user=YejKuKIAAAAJ&hl=en&oi=ao,3372,31,53,421,12,13,2026-09-27 18:09:41
Ibrahim,Amir,Professor,Tenure-Track,College Station,https://scholar.google.com/citations?user=lFeQCOEAAAAJ&hl=en&oi=ao,7349,42,120,3883,31,91,2026-09-27 18:09:52
Jayakodi,Murukarthick,Assistant Professor,Research,Dallas,https://scholar.google.com/citations?hl=en&user=BHdqafUAAAAJ,4158,33,47,3345,29,46,2026-09-27 18:09:58
Jessup,Russell W.,Professor,Tenure-Track,San Angelo,none,,,,,,,
Kelly,Brendan,Associate Professor,Research,Lubbock,https://scholar.google.com/citations?user=1ev4piEAAAAJ&hl=en,856,14,19,725,14,16,2026-09-27 18:10:04
Kelly,Carol,Assistant Professor,Research,Lubbock,https://scholar.google.com/citations?hl=en&user=92XOTJMAAAAJ,385,9,8,285,9,8,2026-09-27 18:10:16
Kimura,Emi,Associate Professor,Extension,Vernon,https://scholar.google.com/citations?user=XfzPXvkAAAAJ&hl=en&oi=ao,637,11,13,463,10,12,2026-09-27 18:10:25
Lege',Ken,Assistant Professor,Extension,Lubbock,https://scholar.google.com/citations?hl=en&user=8Xok2tYAAAAJ,317,8,8,44,4,1,2026-09-27 18:10:31
Lewis,Katie,Professor,Research,Lubbock,https://scholar.google.com/citations?user=1bcYE4EAAAAJ&hl=en&authuser=1,2641,24,39,2387,22,37,2026-09-27 18:10:40
Liu,Shuyu,Professor,Tenure-Track,College Station,https://scholar.google.com/citations?user=QVio4JwAAAAJ&hl=en,3790,35,68,2345,28,59,2026-09-27 18:10:54
Malinowski,Dariusz,Professor,Research,Vernon,https://scholar.google.com/citations?user=F8sD3foAAAAJ&hl=en&oi=ao,4505,25,37,1256,17,24,2026-09-27 18:11:02
McGinty,Joshua,Associate Professor,Extension,Corpus Christi,https://scholar.google.com/citations?user=dYc-fCgAAAAJ&hl=en&oi=ao,210,8,6,171,7,5,2026-09-27 18:11:12
McKnight,Benjamin,Assistant Professor,Extension,College Station,https://scholar.google.com/citations?hl=en&user=UfWevrkAAAAJ,202,8,7,139,8,3,2026-09-27 18:11:18
Mowrer,Jake,Professor,Extension,College Station,https://scholar.google.com/citations?user=MsYzuF8AAAAJ&hl=en&oi=ao,1218,16,21,1142,13,18,2026-09-27 18:11:24
Muir,James,Professor,Research,Stephenville,https://scholar.google.com/citations?user=M6Qms2gAAAAJ&hl=en&oi=sra,7241,42,168,2954,31,84,2026-09-27 18:11:29
Murray,Seth,Professor,Tenure-Track,College Station,https://scholar.google.com/citations?user=o2U40BEAAAAJ&hl=en&oi=sra,7757,45,100,4552,38,89,2026-09-27 18:11:39
Noland,Reagan,Associate Professor,Extension,San Angelo,https://scholar.google.com/citations?hl=en&user=yAQesbwAAAAJ,396,7,6,299,6,5,2026-09-27 18:11:52
Nolte,Scott,Associate Professor,Extension,College Station,https://scholar.google.com/citations?user=T5WaEcIAAAAJ&hl=en&oi=ao,376,10,10,147,7,5,2026-09-27 18:11:58
Ogden,Grace,Assistant Professor,Research,Commerce,https://scholar.google.com/citations?user=XZm1OrkAAAAJ&hl=en,16,2,1,16,2,1,2026-09-27 18:12:06
Okumoto,Sakiko,Associate Professor,Tenure-Track,College Station,https://scholar.google.com/citations?user=2b0a6D0AAAAJ&hl=en&oi=ao,4951,27,37,2007,22,30,2026-09-27 18:12:18
Oli,Prem,Assistant Professor,Research,Overton,https://scholar.google.com/citations?user=sfyjBj0AAAAJ&hl=en,991,15,17,528,12,14,2026-09-27 18:12:31
Omara,Peter,Assistant Professor,Extension,Weslaco,https://scholar.google.com/citations?user=e00yPXgAAAAJ&hl=en,1308,19,27,1085,17,24,2026-09-27 18:12:38
Rajan,Nithya,Professor,Tenure-Track,College Station,https://scholar.google.com/citations?user=L36KAIMAAAAJ&hl=en,3561,32,67,2325,25,58,2026-09-27 18:12:49
Rathore,Keerti,Professor,Research,College Station,https://scholar.google.com/citations?user=nksKEqIAAAAJ&hl=en&oi=ao,5212,37,56,1592,22,39,2026-09-27 18:12:56
Ravelombola,Waltram,Assistant Professor,Research,Vernon,https://scholar.google.com/citations?user=XTBMj9wAAAAJ,1384,23,35,1230,23,35,2026-09-27 18:13:04
Redmon,Larry,Professor,Extension,College Station,https://scholar.google.com/citations?user=1FdmxoYAAAAJ&hl=en&oi=ao,1166,15,23,304,9,9,2026-09-27 18:13:13
Rooney,William,Professor,Tenure-Track,College Station,https://scholar.google.com/citations?user=h7Mm9WoAAAAJ&hl=en&oi=ao,18718,70,218,7539,48,165,2026-09-27 18:13:21
Rouquette,Monte,Professor,Research,Overton,https://scholar.google.com/citations?user=fOmO29kAAAAJ&hl=en&oi=sra,3547,31,81,1321,19,29,2026-09-27 18:13:30
Rudd,Jackie,Professor,Research,Canyon,https://scholar.google.com/citations?user=J1my6MsAAAAJ&hl=en&oi=ao,4487,38,82,2267,28,61,2026-09-27 18:13:40
Rustom,Sam,Assistant Professor,Extension,Eagle Lake,https://scholar.google.com/citations?hl=en&user=rjShXrsAAAAJ,327,10,11,172,8,4,2026-09-27 18:13:47
Samonte,Stanley Omar,Associate Professor,Research,Beaumont,https://scholar.google.com/citations?hl=en&user=A1yD-EkAAAAJ,1703,13,14,559,11,11,2026-09-27 18:13:55
Schnell,Ronnie,Professor,Extension,College Station,https://scholar.google.com/citations?user=qRQ8LQUAAAAJ&hl=en&oi=ao,793,13,15,523,11,12,2026-09-27 18:14:07
Septiningsih,Endang,Professor,Tenure-Track,College Station,https://scholar.google.com/citations?user=-2N74-UAAAAJ&hl=en&oi=ao,8609,44,81,4240,38,76,2026-09-27 18:14:21
Singh,Ravinder,Assistant Professor,Research,Vernon,https://scholar.google.com/citations?user=HK7RlcQAAAAJ&hl=en,344,8,8,334,8,8,2026-09-27 18:14:33
Smith,Wayne,Professor,Tenure-Track,College Station,https://scholar.google.com/citations?hl=en&user=dyfZLOgAAAAJ,6267,40,99,1448,20,36,2026-09-27 18:14:45
Smith,Gerald,Professor,Research,Overton,https://scholar.google.com/citations?user=tWSSx0oAAAAJ&hl=en,1628,20,49,366,10,14,2026-09-27 18:14:56
Smith,A. Peyton,Associate Professor,Tenure-Track,College Station,https://scholar.google.com/citations?user=Wo4uf8cAAAAJ&hl=en&oi=ao,1745,17,25,1376,16,21,2026-09-27 18:15:08
Somenahally,Anil,Associate Professor,Research,Overton,https://scholar.google.com/citations?user=ZflPbbQAAAAJ&hl=en&oi=ao,2765,19,33,1637,17,32,2026-09-27 18:15:18
Stelly,David,Professor,Tenure-Track,College Station,https://scholar.google.com/citations?user=z6fIJ9kAAAAJ&hl=en&oi=ao,16458,60,158,4589,27,64,2026-09-27 18:15:31
Subramanian,Nithya,Assistant Professor,Research,College Station,https://scholar.google.com/citations?hl=en&user=IF9Yq5YAAAAJ,1217,17,20,759,14,17,2026-09-27 18:15:38
Szerlag,Kate,Assistant Professor,Tenure-Track,College Station,https://scholar.google.com/citations?user=_UOiIFMAAAAJ&hl=en,93,3,3,81,3,3,2026-09-27 18:15:46
Talukder,Shyamal,Assistant Professor,Research,Beaumont,https://scholar.google.com/citations?hl=en&user=Px5cT9IAAAAJ&view_op=list_works&sortby=pubdate,1008,16,21,698,12,15,2026-09-27 18:15:58
Tarpley,Lee,Professor,Research,Beaumont,https://scholar.google.com/citations?user=9FV1v6gAAAAJ&hl=en&oi=ao,4159,28,45,1434,21,25,2026-09-27 18:16:10
Thomson,Michael,Professor,Tenure-Track,College Station,https://scholar.google.com/citations?user=ZoZohG4AAAAJ&hl=en&oi=ao,9373,41,65,3677,33,57,2026-09-27 18:16:15
Trostle,Calvin,Professor,Extension,Lubbock,https://scholar.google.com/citations?user=BHKT7cgAAAAJ&hl=en&oi=ao,1109,19,31,767,15,19,2026-09-27 18:16:20
Vela Garcia,Carlos,Assistant Professor,Research,Canyon,https://scholar.google.com/citations?user=WfJBiOAAAAAJ&hl=en,65,5,3,65,5,3,2026-09-27 18:16:34
Verhoef,Aart,Assistant Professor,Tenure-Track,College Station,https://scholar.google.com/citations?hl=en&user=WzRm0WIAAAAJ,4472,24,33,997,13,21,2026-09-27 18:16:46
Wang,Ying,Assistant Professor,Tenure-Track,College Station,https://scholar.google.com/citations?hl=en&user=rxXFB9EAAAAJ&view_op=list_works&sortby=pubdate,1168,17,20,824,16,18,2026-09-27 18:17:01
Wherley,Benjamin,Professor,Tenure-Track,College Station,https://scholar.google.com/citations?user=4dQJ45YAAAAJ&hl=en&oi=ao,1331,20,45,749,15,31,2026-09-27 18:17:11
Wyatt,Briana,Associate Professor,Tenure-Track,College Station,https://scholar.google.com/citations?hl=en&user=rbg-HVAAAAAJ,609,15,19,581,15,19,2026-09-27 18:17:18
Xu,Wenwei,Professor,Research,Lubbock,https://scholar.google.com/citations?user=ySqciaEAAAAJ&hl=en&oi=ao,,,,,,,
Xue,Qingwu,Professor,Research,Canyon,https://scholar.google.com/citations?user=QzRRcfIAAAAJ&hl=en,6125,44,120,3242,32,98,2026-09-27 18:17:52
Yang,Yubin,Assistant Professor,Research,Beaumont,https://scholar.google.com/citations?hl=en&user=kLOKBgUAAAAJ,1032,20,31,518,13,18,2026-09-27 18:18:04
Zhang,Hongbin,Professor,Research,College Station,https://scholar.google.com/citations?user=ZpIaeJgAAAAJ&hl=en,12785,55,119,2473,22,42,2026-09-27 18:18:13
Zhang,Junli,Assistant Professor,Research,Canyon,https://scholar.google.com/citations?user=0ZZ8xGYAAAAJ&hl=en,1990,19,24,1407,19,22,2026-09-27 18:18:24
